{
  "project_info": {
    "project_number": "807726639320",
    "project_id": "crud-278ff",
    "storage_bucket": "crud-278ff.appspot.com"
  },
  "client": [
    {
      "client_info": {
        "mobilesdk_app_id": "1:807726639320:android:469c863f03239de0a94fad",
        "android_client_info": {
          "package_name": "com.example.firebase"
        }
      },
      "oauth_client": [
        {
          "client_id": "807726639320-9v5cf2ia1p7b0n6vmcqpcgpsjmo3cmpe.apps.googleusercontent.com",
          "client_type": 1,
          "android_info": {
            "package_name": "com.example.firebase",
            "certificate_hash": "3ab718b409bdaa9c5c10926032a9ebff0cb08574"
          }
        },
        {
          "client_id": "807726639320-c2d6mdmf7ncgk4srb2n9dpcdmp46tqob.apps.googleusercontent.com",
          "client_type": 3
        }
      ],
      "api_key": [
        {
          "current_key": "AIzaSyBLnpMnSojcbMmLxb3W-vPcPaQbOQ8wtZI"
        }
      ],
      "services": {
        "appinvite_service": {
          "other_platform_oauth_client": [
            {
              "client_id": "807726639320-c2d6mdmf7ncgk4srb2n9dpcdmp46tqob.apps.googleusercontent.com",
              "client_type": 3
            }
          ]
        }
      }
    }
  ],
  "configuration_version": "1"
}